,Accuracy,Precision,Recall,F1 Score,ROC AUC
Logistic Regression,0.9629814408301736,0.9475182351894681,0.9859311366160681,0.9663431007892588,0.9764953576597412
KNN,0.6802035521851926,0.6974653963688657,0.7182524990744169,0.7077063383492932,0.7427239550527222
