Market,Sales,Benefit per order,Days for shipping (real),Cluster
Europe,243.20217874950245,25.985796800567474,3.4857675931684446,2
LATAM,202.12054715841475,22.55934153294246,3.5008480325644507,0
Pacific Asia,224.35089882846444,26.353927009865302,3.5062277580071175,1
